first_name,last_name,email,password
Jacqueline,Mcdaniel,jmcdaniel@example.com,Qx8W9rm8
Stacey,Sumner,ssumner@example.com,Y93QnCy3
Iylah,Silva,isilva@example.com,YLQtWKNR
Arianna,Johns,ajohns@example.com,baVeLAEj
Ingrid,Henson,ihenson@example.com,wcLEpy82
Aeryn,Livingston,alivingston@example.com,bFLcAjut
Kier,Duggan,kduggan@example.com,4Y9h8be5
Madeline,Bush,mbush@example.com,dupBpppJ
Juniper,Mcbride,jmcbride@example.com,P52AvNc6
Gerard,Miranda,gmiranda@example.com,zpzAKsJc
Priscilla,Lacey,placey@example.com,dJXp8nnk
Sallie,Mullen,smullen@example.com,dHBPbHrR
Cheyanne,Barnard,cbarnard@example.com,eL4dckAN
Kajol,Ventura,kventura@example.com,TZuCTPSs
Riley-Jay,Weber,riley-jweber@example.com,CCRzVV2Q
Virgil,Paterson,vpaterson@example.com,V65SANDm
Scarlette,Fritz,sfritz@example.com,fLPAx9H9
Rae,Mcdougall,rmcdougall@example.com,QGXtvmCu
Rowena,Ferreira,rferreira@example.com,MCSHY2N4
Remi,Hooper,rhooper@example.com,FdLYf9cQ
Krystian,Yu,kyu@example.com,TkudssWZ
Gino,Leon,gleon@example.com,YPukdAeG
Josiah,Lopez,jlopez@example.com,x9VRJYYR
Amin,Knapp,aknapp@example.com,uLUMnrFc
Destiny,Jefferson,djefferson@example.com,9fhDGKZj
Rui,Fry,rfry@example.com,myLvFnAY
Angelo,Durham,adurham@example.com,tsewDjrP
Matias,Vang,mvang@example.com,ahCbRUyW
Bobbie,Hodgson,bhodgson@example.com,Jg4S2tTL
Franklin,Park,fpark@example.com,Uv52qLAv
Jody,Beck,jbeck@example.com,ZraeYkgZ
Zakariyah,Kavanagh,zkavanagh@example.com,gBGkfVGJ
Yaseen,Power,ypower@example.com,363Q2B8e
Kynan,Sargent,ksargent@example.com,BerKaeFG
Eugene,Gough,egough@example.com,FhrDayjb
Joann,Valdez,jvaldez@example.com,W7f3aqmF
Gordon,Mcgrath,gmcgrath@example.com,Ks4VH73j
Cobie,Blackburn,cblackburn@example.com,G2AD36du
Larry,Small,lsmall@example.com,Xaed45XP
Pauline,Schneider,pschneider@example.com,zN3Wg7LC
Clayton,Nichols,cnichols@example.com,E58JjtFd
Milly,Sutherland,msutherland@example.com,7rzWWeNE
Abbi,Nixon,anixon@example.com,JZSSBAYm
Harvey-Lee,Dorsey,harvey-ldorsey@example.com,8K2MmWcz
Tessa,Terrell,tterrell@example.com,8LXTRJrh
Tiernan,Guevara,tguevara@example.com,QYL4NV66
Kaelan,Stamp,kstamp@example.com,3AzJsmNe
Angelika,Harwood,aharwood@example.com,9DbWQjJL
Derrick,Amos,damos@example.com,6hbmkgyP
Marianna,Suarez,msuarez@example.com,jdLjF3RK
